product_name,price,rating,number_of_reviews,product_url
Men's Blue Baggy Wide Leg Jeans,1499,4.5,5 reviews,https://www.bewakoof.com/p/mens-blue-wide-leg-jeans-light-indigo
Men's Indigo Blue Mid-Rise Stretchable Jeans,999,4.5,N/A,https://www.bewakoof.com/p/mens-indigo-blue-jeans-blue
Men's Grey Mid-Rise Stretchable Jeans,999,4.5,N/A,https://www.bewakoof.com/p/mens-grey-jeans-grey
Men's Blue Mid-Rise Stretchable Jeans,999,4.4,N/A,https://www.bewakoof.com/p/mens-blue-jeans-blue-men-blue
Men's Black Straight Fit Jeans,1499,4.5,2 reviews,https://www.bewakoof.com/p/mens-black-straight-fit-jeans-men
Men's Indigo Blue Washed Jeans,1299,4.6,N/A,https://www.bewakoof.com/p/mens-indigo-blue-washed-jeans-indigo-14
Men's Blue Mid-Rise Stretchable Jeans,999,4.5,N/A,https://www.bewakoof.com/p/mens-blue-jeans-blue-denim
Men's Jet Black Mid-Rise Stretchable Jeans,999,4.5,1 reviews,https://www.bewakoof.com/p/mens-jet-black-jeans-black
Men's Blue Baggy Distressed Jeans,1499,4.5,3 reviews,https://www.bewakoof.com/p/mens-blue-jeans-men-blue-plain
Men's Black Baggy Straight Fit Carpenter Jeans,1699,4.5,2 reviews,https://www.bewakoof.com/p/mens-black-straight-fit-cargo-denim
Men's Indigo Blue Washed Straight Fit Cargo Jeans,1499,4.5,N/A,https://www.bewakoof.com/p/mens-indigo-blue-washed-straight-fit-cargo-jeans-indigo-12
Men's Blue Baggy Straight Fit Jeans,1499,4.4,2 reviews,https://www.bewakoof.com/p/mens-blue-straight-fit-denim
Men's Blue Baggy Wide Leg Jeans,1499,4.4,5 reviews,https://www.bewakoof.com/p/mens-blue-wide-leg-jeans-mid-blue
Men's Indigo Blue Baggy Washed Cargo Jeans,1499,4.5,N/A,https://www.bewakoof.com/p/mens-indigo-blue-washed-jeans-indigo-15
Men's Light Indigo Mid-Rise Stretchable Jeans,999,1,N/A,https://www.bewakoof.com/p/mens-light-indigo-jeans-blue
Men's Blue Baggy Straight Fit Washed Cargo Jeans,1799,4.4,2 reviews,https://www.bewakoof.com/p/mens-blue-straight-fit-jeans-mid-blue
Men's Grey Washed Jeans,1499,N/A,N/A,https://www.bewakoof.com/p/mens-grey-washed-jeans-grey-men
Men's Olive Baggy Straight Fit Carpenter Jeans,1699,4.5,5 reviews,https://www.bewakoof.com/p/mens-green-straight-fit-cargo-denim
Men's White Baggy Wide Leg Jeans,1667,4.5,1 reviews,https://www.bewakoof.com/p/mens-white-wide-leg-fit-denim
Men's Light Indigo Blue Straight Fit Distressed Jeans,1399,4.5,1 reviews,https://www.bewakoof.com/p/mens-blue-straight-fit-jeans-light-indigo
Men's Blue Baggy Straight Fit Ditsressed Jeans,1499,4.5,2 reviews,https://www.bewakoof.com/p/mens-blue-straight-fit-denim-men
Men's Jet Black Washed Jeans,1299,4.4,N/A,https://www.bewakoof.com/p/mens-jet-black-washed-jeans-black-01
Men's Indigo Blue Washed Straight Fit Cargo Jeans,1499,4.4,N/A,https://www.bewakoof.com/p/mens-indigo-blue-washed-straight-fit-cargo-jeans-indigo-11
Men's Black Baggy Straight Fit Distressed Jeans,1499,4.5,1 reviews,https://www.bewakoof.com/p/mens-black-straight-fit-denim
Men's Blue Straight Fit Cargo Carpenter Jeans,1799,4.4,1 reviews,https://www.bewakoof.com/p/mens-blue-straight-fit-jeans-men-blue
Men's Blue Baggy Straight Fit Distressed Cargo Jeans,1699,4.5,4 reviews,https://www.bewakoof.com/p/mens-light-blue-straight-fit-distressed-denim
Men's Indigo Blue Washed Jeans,1299,4.5,N/A,https://www.bewakoof.com/p/mens-indigo-blue-washed-jeans-indigo-16
Men's Blue Baggy Distressed Straight Fit Jeans,1699,4.5,2 reviews,https://www.bewakoof.com/p/mens-blue-straight-fit-jeans-men
Men's Blue Baggy Cargo Jeans,1499,4.4,7 reviews,https://www.bewakoof.com/p/mens-blue-regular-fit-denim
Men's Black Jeans,1499,4.5,2 reviews,https://www.bewakoof.com/p/mens-black-jeans-jet-black
Men's Blue Baggy Wide Leg Jeans,1599,4.5,N/A,https://www.bewakoof.com/p/mens-blue-wide-leg-fit-denim
Men's Blue Baggy Straight Fit Jeans,1699,4.5,2 reviews,https://www.bewakoof.com/p/mens-blue-straight-fit-jeans-men-blue-plain
Men's Black Baggy Straight Fit Distressed Cargo Jeans,1799,4.5,1 reviews,https://www.bewakoof.com/p/mens-black-straight-fit-jeans
Men's Blue Baggy Distressed Jeans,1399,4.5,1 reviews,https://www.bewakoof.com/p/mens-blue-jeans-mid-blue
Men's Indigo Blue Straight Fit Distressed Jeans,1499,4.6,N/A,https://www.bewakoof.com/p/mens-blue-straight-fit-jeans-indigo
Men's Blue Baggy Straight Fit Carpenter Jeans,1499,4.5,1 reviews,https://www.bewakoof.com/p/mens-blue-straight-fit-cargo-jeans
Men's Blue Wide Leg Plus Size Jeans,1799,4.5,N/A,https://www.bewakoof.com/p/mens-blue-wide-leg-plus-size-jeans-blue
Men's Indigo Blue Baggy Washed Straight Fit Cargo Jeans,1499,4.6,N/A,https://www.bewakoof.com/p/mens-indigo-blue-washed-straight-fit-cargo-jeans-indigo-13
Men's Beige Plus Size Jeans,1599,4.4,N/A,https://www.bewakoof.com/p/mens-beige-plus-size-jeans-beige
Men's Beige Straight Fit Cargo Carpenter Jeans,1699,4.5,2 reviews,https://www.bewakoof.com/p/mens-beige-straight-fit-jeans-beigee
Men's Black Straight Fit Plus Size Jeans,1599,4.5,N/A,https://www.bewakoof.com/p/mens-black-straight-fit-plus-size-jeans-black-men
Men's Brown Straight Fit Acid Wash Jeans,1599,4.5,N/A,https://www.bewakoof.com/p/mens-brown-straight-fit-acid-wash-jeans-men
Men's Brown Straight Fit Jeans,1507,4.5,1 reviews,https://www.bewakoof.com/p/mens-brown-straight-fit-jeans-brown-old
Men's White Jeans,800,N/A,N/A,https://www.bewakoof.com/p/mens-white-jeans
Men's Blue Straight Fit Jeans,1499,4.4,2 reviews,https://www.bewakoof.com/p/mens-blue-straight-fit-jeans
Men's White Distressed Jeans,1499,4.4,N/A,https://www.bewakoof.com/p/mens-white-jeans-white
Men's Black Straight Fit Plus Size Cargo Jeans,1999,4.5,N/A,https://www.bewakoof.com/p/mens-black-straight-fit-plus-size-jeans-black
Men's Off White Tapered Fit Distressed Jeans,1299,4.5,N/A,https://www.bewakoof.com/p/mens-white-tapered-fit-jeans
Men's Black Baggy Cargo Jeans,1499,4.5,8 reviews,https://www.bewakoof.com/p/mens-black-regular-fit-denim
Men's Brown Straight Fit Plus Size Acid Wash Jeans,1899,4.5,N/A,https://www.bewakoof.com/p/mens-brown-straight-fit-plus-size-acid-wash-jeans-men
Men's Blue Washed Jeans,803,N/A,N/A,https://www.bewakoof.com/p/kotty-mens-blue-washed-jeans-5
Graphic Print Men's Round or Crew Stylish New Trends Grey Casual T-Shirt,549,4.8,6 reviews,https://www.bewakoof.com/p/campus-sutra-graphic-print-men-round-or-crew-stylish-new-trends-grey-casual-t-shirt
Men's Olive Green Wide Leg Acid Wash Jeans,1599,4.5,N/A,https://www.bewakoof.com/p/mens-olive-green-wide-leg-acid-wash-jeans-men
Men's Blue Jeans,899,1,N/A,https://www.bewakoof.com/p/mens-black-jeans-jet-black-men
Men's Ice Blue Washed Denim Shirt,1099,N/A,N/A,https://www.bewakoof.com/p/mens-ice-blue-washed-denim-shirt
Men's Blue Baggy Jeans,999,4.5,1 reviews,https://www.bewakoof.com/p/mens-blue-jeans-rinse-blue
Men's Blue Baggy Jeans,1599,4.4,1 reviews,https://www.bewakoof.com/p/mens-blue-jeans-light-indigo
Men's Olive Green Baggy Wide Leg Jeans,1599,4.4,N/A,https://www.bewakoof.com/p/mens-green-wide-leg-jeans-olive-new
Men's Olive Baggy Straight Fit Jeans,1399,4.5,N/A,https://www.bewakoof.com/p/mens-green-straight-fit-denim
Men's Navy Blue Baggy Straight Fit Washed Cargo Jeans,1499,4.6,1 reviews,https://www.bewakoof.com/p/mens-navy-blue-straight-fit-cargo-jeans
Men's Brown Baggy Wide Leg Jeans,1599,4.5,N/A,https://www.bewakoof.com/p/mens-brown-wide-leg-jeans-brown-old
Men's White Baggy Straight Fit Jeans,1499,4.4,1 reviews,https://www.bewakoof.com/p/mens-white-straight-fit-denim
Men's Blue & Grey Color Block Straight Fit Jeans,999,4.5,N/A,https://www.bewakoof.com/p/mens-blue-straight-fit-inside-out-jeans
Men's Black Baggy Straight Fit Jeans,1699,4.4,9 reviews,https://www.bewakoof.com/p/mens-black-straight-fit-jeans-jet-black
Men's Stylish Casual T-Shirt,404,4.3,7 reviews,https://www.bewakoof.com/p/campus-sutra-men-stylish-casual-t-shirt-men
Men's Chalk White Relaxed Fit Jeans,1259,1,N/A,https://www.bewakoof.com/p/mens-chalk-white-relaxed-fit-jeans
Men's Prussian Blue Oversized Plus Size Cargo Jeans,1199,5,N/A,https://www.bewakoof.com/p/mens-prussian-blue-oversized-plus-size-cargo-jeans
Men's Blue Washed Skinny Fit Jeans,660,1,N/A,https://www.bewakoof.com/p/mens-blue-washed-skinny-fit-jeans-18
Men's Navy Blue Relaxed Fit Carpenter Jeans,839,1,N/A,https://www.bewakoof.com/p/mens-navy-blue-carpenter-jeans
Men's Blue Relaxed Fit Cargo Denim Jeans,979,4.4,5 reviews,https://www.bewakoof.com/p/mens-blue-cargo-denim-jeans
Men's Navy Blue & White Checked Denim Shirt,1399,N/A,N/A,https://www.bewakoof.com/p/mens-navy-blue-white-checked-shirt-men-blue
Men's Black Washed Bootcut Jeans,1735,N/A,N/A,https://www.bewakoof.com/p/mens-black-washed-bootcut-jeans
Men's Blue Regular Fit Jeans,809,4.3,3 reviews,https://www.bewakoof.com/p/campus-sutra-men-blue-solid-regular-fit-jeans46
Men's Light Blue Washed Jeans,1035,1,N/A,https://www.bewakoof.com/p/mens-light-blue-washed-jeans
Men's Blue Washed Distressed Oversized Cargo Jeans,1035,N/A,N/A,https://www.bewakoof.com/p/mens-blue-washed-distressed-cargo-jeans
Men's Grey Washed Baggy Relaxed Fit Jeans,1599,1,N/A,https://www.bewakoof.com/p/mens-grey-washed-baggy-relaxed-fit-jeans-men
Men's Black Washed Jeans,1124,N/A,N/A,https://www.bewakoof.com/p/mens-blue-washed-jeans-men-blue
Men's Slim Blue Torn Jeans,664,4.8,7 reviews,https://www.bewakoof.com/p/campus-sutra-slim-men-blue-torn-jeans
Men's Blue Washed Distressed Jeans,879,N/A,N/A,https://www.bewakoof.com/p/mens-blue-washed-distressed-jeans-scss23jn-dnefad4-m-pln-bu
Men's Black Striped Jeans,474,N/A,N/A,https://www.bewakoof.com/p/mens-black-striped-jeans-scss23jn-dncufzp-m-pln-bl
Men's Light Blue Relaxed Fit Cargo Jeans,1035,1,N/A,https://www.bewakoof.com/p/mens-light-blue-cargo-jeans
Men's Indigo Blue Washed Distressed Straight Fit Cargo Jeans,1259,1,N/A,https://www.bewakoof.com/p/mens-indigo-blue-washed-distressed-straight-fit-cargo-jeans
Men's Blue Washed Distressed Denim Shorts,809,N/A,N/A,https://www.bewakoof.com/p/mens-blue-washed-distressed-denim-shorts-men
Men's Light Blue Oversized Plus Size Cargo Jeans,1349,5,N/A,https://www.bewakoof.com/p/mens-light-blue-oversized-plus-size-cargo-jeans-light-blue
Men's Light Blue Relaxed Fit Jeans,1259,1,N/A,https://www.bewakoof.com/p/mens-light-blue-relaxed-fit-jeans-men
Men's Dark Indigo Blue Washed Bootcut Jeans,1735,N/A,N/A,https://www.bewakoof.com/p/mens-dark-indigo-blue-washed-bootcut-jeans
Men's White & Navy Blue Checked Denim Shirt,1399,5,1 reviews,https://www.bewakoof.com/p/mens-white-navy-blue-checked-shirt
Men's Red & Navy Blue Checked Denim Shirt,1399,N/A,N/A,https://www.bewakoof.com/p/mens-red-navy-blue-checked-shirt
Men's Navy Blue & Brown Checked Denim Shirt,1399,N/A,N/A,https://www.bewakoof.com/p/mens-navy-blue-brown-checked-shirt-men
Men's Navy Blue & Grey Checked Denim Shirt,1399,N/A,N/A,https://www.bewakoof.com/p/mens-navy-blue-grey-checked-shirt
Men's Purssian Blue Washed Jacket,909,N/A,N/A,https://www.bewakoof.com/p/mens-purssian-blue-washed-jacket
Men's Blue Washed Distressed Jeans,759,N/A,N/A,https://www.bewakoof.com/p/mens-blue-washed-distressed-jeans-scss23jn-shdfpk-m-pln-bu
Men's Black Washed Jeans,1525,5,1 reviews,https://www.bewakoof.com/p/mens-black-washed-jeans-black
Men's Navy Blue Straight Fit Cargo Jeans,839,1,N/A,https://www.bewakoof.com/p/mens-navy-blue-straight-fit-cargo-jeans-men
Men's Grey Washed Bootcut Jeans,1735,N/A,N/A,https://www.bewakoof.com/p/mens-grey-washed-bootcut-jeans
Men's Black Washed Jeans,989,N/A,N/A,https://www.bewakoof.com/p/mens-black-washed-jeans-2
Men's Navy Blue & Red Checked Denim Shirt,1399,N/A,N/A,https://www.bewakoof.com/p/mens-navy-blue-red-checked-shirt-men
Men's Black Relaxed Fit Cargo Carpenter Jeans,1785,N/A,N/A,https://www.bewakoof.com/p/mens-black-relaxed-fit-cargo-carpenter-jeans
Men's Light Blue Textured Denim Jacket,1399,N/A,N/A,https://www.bewakoof.com/p/mens-light-blue-textured-denim-jacket
Men's Light Blue Washed Denim Jacket,1399,5,2 reviews,https://www.bewakoof.com/p/mens-light-blue-washed-denim-jacket
Men's Light Blue Oversized Plus Size Cargo Jeans,1349,N/A,N/A,https://www.bewakoof.com/p/mens-light-blue-oversized-plus-size-cargo-jeans-men
Date Night Stud Boy Jeans,764,4.7,8 reviews,https://www.bewakoof.com/p/campus-sutra-slim-men-blue-jeans
Men's Blue Regular Fit Jeans,759,4.6,4 reviews,https://www.bewakoof.com/p/campus-sutra-men-blue-solid-regular-fit-jeans36
Men's Navy Blue Denim Pants,839,N/A,N/A,https://www.bewakoof.com/p/mens-navy-blue-denim-pants
Men's Black Distressed Shorts,569,5,N/A,https://www.bewakoof.com/p/mens-blue-distressed-shorts
Diet Na Ho Payega Printed T-Shirt,459,1,N/A,https://www.bewakoof.com/p/bushirt-diet-na-ho-payega-printed-t-shirt
Bahar Se Silent Printed T-Shirt,459,1,N/A,https://www.bewakoof.com/p/bushirt-bahar-se-silent-printed-t-shirt
Happy Cycling Printed T-Shirt,489,1,N/A,https://www.bewakoof.com/p/bushirt-happy-cycling-printed-t-shirt
Busy Getting Bored Printed T-Shirt,489,5,N/A,https://www.bewakoof.com/p/bushirt-busy-getting-bored-printed-t-shirt
Angry Panda Printed T-Shirt,459,4.9,N/A,https://www.bewakoof.com/p/bushirt-angry-panda-printed-t-shirt
Stay High Printed T-Shirt,489,1,N/A,https://www.bewakoof.com/p/bushirt-stay-high-printed-t-shirt
Men's Black Straight Fit Jeans,899,1,N/A,https://www.bewakoof.com/p/mens-black-straight-fit-jeans-jet-black-men
Men's Light Blue Straight Fit Jeans,1259,5,1 reviews,https://www.bewakoof.com/p/mens-light-blue-straight-fit-jeans
Men's Navy Blue Washed Shirt,1299,N/A,N/A,https://www.bewakoof.com/p/men-regular-fit-denim-shirt-full-sleeve-acid-washed-navy-blue-men
Men's Navy Blue Washed Shirt,1299,N/A,N/A,https://www.bewakoof.com/p/men-regular-fit-denim-shirt-full-sleeve-acid-washed-navy-blue
Men's Black Loose Comfort Fit Jeans,1049,4.7,1 reviews,https://www.bewakoof.com/p/mens-black-loose-comfort-fit-jeans
Men's Grey Washed Baggy Relaxed Fit Jeans,1599,1,N/A,https://www.bewakoof.com/p/mens-grey-washed-baggy-relaxed-fit-jeans
Men's Black Loose Comfort Fit Cargo Jeans,999,5,N/A,https://www.bewakoof.com/p/mens-black-loose-comfort-fit-jeans-men
Men's Light Blue Washed Loose Comfort Fit Jeans,1049,4.8,3 reviews,https://www.bewakoof.com/p/mens-light-blue-washed-loose-comfort-fit-jeans
Men's Black Washed Jeans,874,N/A,N/A,https://www.bewakoof.com/p/mens-black-washed-jeans-men
Men's Black Washed Distressed Tapered Fit Jeans,1459,1,N/A,https://www.bewakoof.com/p/mens-black-washed-distressed-tapered-fit-jeans-60104bymwjnsta
Men's Sky Blue Washed Shirt,1299,N/A,N/A,https://www.bewakoof.com/p/men-regular-fit-denim-shirt-full-sleeve-acid-washed-light-blue-men
Men's Blue Washed Shirt,1299,N/A,N/A,https://www.bewakoof.com/p/men-regular-fit-denim-shirt-full-sleeve-acid-washed-blue
Men's Blue Baggy Cargo Jeans,1119,5,1 reviews,https://www.bewakoof.com/p/mens-blue-cargo-jeans-men
Men's Slate Blue Washed Denim Shirt,999,N/A,N/A,https://www.bewakoof.com/p/mens-slate-blue-washed-denim-shirt
Men's Dark Blue Denim Shirt,1099,N/A,N/A,https://www.bewakoof.com/p/mens-dark-blue-denim-shirt-blue
Men's Dark Blue Denim Shirt,1099,N/A,N/A,https://www.bewakoof.com/p/mens-dark-blue-denim-shirt-dark
Men's Slate Blue Washed Denim Shirt,1099,N/A,N/A,https://www.bewakoof.com/p/mens-slate-blue-washed-denim-shirt-denim
Men's Stone Blue Washed Denim Shirt,1099,N/A,N/A,https://www.bewakoof.com/p/mens-stone-blue-washed-denim-shirt-stone
Men's Navy Blue Loose Comfort Fit Jeans,1049,1,N/A,https://www.bewakoof.com/p/mens-navy-blue-loose-comfort-fit-jeans
Men's Dark Blue Loose Comfort Fit Jeans,1049,4.2,N/A,https://www.bewakoof.com/p/mens-dark-blue-loose-comfort-fit-jeans
Men's Navy Blue Washed Distressed Loose Comfort Fit Jeans,1049,5,1 reviews,https://www.bewakoof.com/p/mens-navy-blue-washed-distressed-loose-comfort-fit-jeans
Men's Black Bootcut Jeans,1735,N/A,N/A,https://www.bewakoof.com/p/mens-black-bootcut-jeans
Men's Blue Washed Distressed Loose Comfort Fit Jeans,1049,N/A,N/A,https://www.bewakoof.com/p/mens-blue-washed-distressed-loose-comfort-fit-jeans
Men's Charcoal Grey Washed Loose Comfort Fit Jeans,1049,4.5,2 reviews,https://www.bewakoof.com/p/mens-charcoal-grey-washed-loose-comfort-fit-jeans
Men's Blue & Black Washed Hooded Denim Jacket,1299,N/A,N/A,https://www.bewakoof.com/p/mens-blue-black-washed-hooded-denim-jacket
Men's Blue Tie & Dye Henley Neck T-shirt,449,4.2,4 reviews,https://www.bewakoof.com/p/campus-sutra-solid-men-henley-neck-stylish-new-trends-royal-blue-casual-t-shirt-ss21hnysprmplnrbwh
Men's Blue Make Tracks Graphic Printed T-shirt,519,4.4,49 reviews,https://www.bewakoof.com/p/make-tracks-full-sleeve-t-shirt-navy-blue
Men's Black Adventure Time Graphic Printed T-shirt,399,4.7,98 reviews,https://www.bewakoof.com/p/adventure-time-half-sleeve-t-shirt
Men's Black Mickey Trio Call (DL) Graphic Printed T-shirt,449,4.7,163 reviews,https://www.bewakoof.com/p/mickey-trio-call-half-sleeve-t-shirt-for-men
Men's White Never Give Up Typography Vest,399,4.8,38 reviews,https://www.bewakoof.com/p/never-give-up-vest-for-men
Men's Black All Over Printed T-shirt,399,4.8,51 reviews,https://www.bewakoof.com/p/constellations-men-aop-103
White Half Sleeve Plus Size T-Shirt,699,4.7,23 reviews,https://www.bewakoof.com/p/plain-half-sleeves-t-shirt-plus-size
Black Half Sleeve Plus Size T-Shirt,699,4.8,32 reviews,https://www.bewakoof.com/p/black-mens-half-sleeves-plain-t-shirt-plus-size
Men's Black Zipper Sweatshirt,1199,4.8,60 reviews,https://www.bewakoof.com/p/black-zipper-sweatshirt-aw-21-plain
Men's Black Windcheater Jacket,1499,4.7,28 reviews,https://www.bewakoof.com/p/black-inner-contrast-hoodie-windcheater-aw-21
Men's Yellow T-shirt,399,4.5,31 reviews,https://www.bewakoof.com/p/lemon-drop-half-sleeve-t-shirt
Men's Black Oversized Hoodies,1499,4.7,49 reviews,https://www.bewakoof.com/p/black-loose-fit-hoodie-sweatshirt-aw21
Men's Black Hoodies,1299,4.5,64 reviews,https://www.bewakoof.com/p/black-hoodie-sweatshirt-aw21
Men's Black Sweatshirt,1199,4.7,63 reviews,https://www.bewakoof.com/p/black-crewneck-fleece-sweatshirt-aw-21
Men's White Camo Oversized Hoodies,1499,4.8,23 reviews,https://www.bewakoof.com/p/camo-hoodie-sweatshirt-aw-21-men
Men's Blue & Yellow Color Block Hoodies,1299,4.7,23 reviews,https://www.bewakoof.com/p/black-blue-qurtz-cut-n-sew-hoodie-sweatshirt-men
Men's Blue Rider Vroom Panda Graphic Printed T-shirt,399,4.6,121 reviews,https://www.bewakoof.com/p/vroom-panda-half-sleeve-t-shirt
Men's Aqua Green T-shirt,399,4.7,24 reviews,https://www.bewakoof.com/p/travel-icon-mens-aop-half-sleeves-t-shirts
Men's Black Daffy Awesome Graphic Printed T-shirt,449,4.7,100 reviews,https://www.bewakoof.com/p/daffy-awesome-half-sleeve-t-shirt-for-men
Women's Red T-shirt,399,4.6,7 reviews,https://www.bewakoof.com/p/black-dark-navy-white-imperial-red-crewneck-varsity-rib-plain-women
Men's Black Be a Leader Typography T-shirt,399,4.7,94 reviews,https://www.bewakoof.com/p/leader-full-sleeve-t-shirt-black
Men's Maroon Color Block Zipper Hoodies,799,4.8,16 reviews,https://www.bewakoof.com/p/maroon-banner-white-black-colorblock-zipper-hoodie-sweatshirt-aw-21
Men's Black Sliding Bat Lightweight Adjustable Strap Sliders,351,4.6,94 reviews,https://www.bewakoof.com/p/sliding-bat-lightweight-adjustable-strap-men-slider
Men's Black Graphic Printed Oversized T-shirt,519,4.7,11 reviews,https://www.bewakoof.com/p/black-aop-half-n-half-street-wear-t-shirt
Men's Olive Astronaut AOP Hoodies,899,4.7,33 reviews,https://www.bewakoof.com/p/winter-moss-maroon-aop-hoodie-sweatshirt-aw-21
Men's Black Camo Bomber Jackets,1249,4.8,12 reviews,https://www.bewakoof.com/p/olive-camo-bomber-jackets-aw-21
Men's Black Mickey Typography Flat Knit Sweater,649,4.8,15 reviews,https://www.bewakoof.com/p/black-full-sleeve-flat-knit-sweater-men-black-01-plain
Men's White My Dark Side Typography Hoodies,899,4.8,3 reviews,https://www.bewakoof.com/p/white-black-color-block-hoodie-sweatshirt-aw-21
Men's Blue Hoodies,899,4.5,17 reviews,https://www.bewakoof.com/p/navy-blue-hoodie-sweatshirt-aw21
Men's Olive Camo Puffer Jacket,1499,4.8,1 reviews,https://www.bewakoof.com/p/olive-reversible-camo-puffer-jacket-for-men
Men's Black High Colors Graphic Printed T-shirt,529,4.7,62 reviews,https://www.bewakoof.com/p/high-colors-full-sleeve-t-shirt-black
Men's White Vroom Panda Graphic Printed T-shirt,399,4.8,40 reviews,https://www.bewakoof.com/p/vroom-panda-half-sleeve-t-shirt-men
Men's Black Elite Ninja Graphic Printed T-shirt,299,4.7,175 reviews,https://www.bewakoof.com/p/elite-ninja-half-sleeve-t-shirt
Men's Black Sunset Block Graphic Printed T-shirt,549,4.7,69 reviews,https://www.bewakoof.com/p/sunset-block-full-sleeve-t-shirt-for-men
Men's Red T-shirt,399,4.6,23 reviews,https://www.bewakoof.com/p/imperial-red-dark-navy-white-imperial-red-crewneck-varsity-for-men
Escape The Ordinary Crewneck Varsity Rib T-Shirt,299,4.9,5 reviews,https://www.bewakoof.com/p/not-so-ordinary-crewneck-varsity-rib-h-s-t-shirt
Women's Black Camouflage Printed Slim Fit T-shirt,299,4.8,22 reviews,https://www.bewakoof.com/p/black-camo-plain-shoulder-sleeves-panel-half-sleeves-camo-t-shirt-for-women
Imperial Red Boyfriend Varsity Rib T-shirt,399,4.5,10 reviews,https://www.bewakoof.com/p/imperial-red-dark-navy-white-imperial-red-boyfriend-varsity-plain
Women's Imperial Red T-shirt,299,4.7,10 reviews,https://www.bewakoof.com/p/imperial-red-dark-navy-white-imperial-red-veck-varsity-rib-plain
Men's Black Joggers,1199,4.8,31 reviews,https://www.bewakoof.com/p/jet-black-cotton-jogger-pants
Mountain Is Calling Black Vest,419,N/A,N/A,https://www.bewakoof.com/p/bushirt-mountain-is-calling-black-vest
Plus Size Men's Stylish Striped Half Sleeve Casual Shirt,799,4.7,N/A,https://www.bewakoof.com/p/instafab-plus-size-men-stylish-striped-half-sleeve-blue-casual-shirts
Men's Green Stylish Full Sleeve Casual Shirt,999,5,N/A,https://www.bewakoof.com/p/instafab-plus-men-solid-stylish-full-sleeve-casual-shirts37
Men Solid Stylish New Trends Casual Spread Shirt,879,4.5,N/A,https://www.bewakoof.com/p/campus-sutra-mens-shirt-01-sumr21shrt-hhspr-m-pln-whdn
Men's Navy Blue Shorts,563,4.7,52 reviews,https://www.bewakoof.com/p/mens-plain-casual-short
Men's Blue Color Block Regular Fit Jacket,799,5,2 reviews,https://www.bewakoof.com/p/campus-sutra-mens-blue-color-block-jacket51
Men's Maroon Joggers,899,4.7,54 reviews,https://www.bewakoof.com/p/dark-maroon-mens-casual-jogger-pants-with-zipper-nr-plain
Men's Red Plus Size Vest,499,4.7,12 reviews,https://www.bewakoof.com/p/bold-red-mens-plain-vest-plus-size
Men's Blue Boxers,249,4.8,13 reviews,https://www.bewakoof.com/p/nebula-blue-plain-boxer-for-men
Men's Dark Maroon Casual Shorts,449,4.9,20 reviews,https://www.bewakoof.com/p/dark-maroon-casual-shorts-mens-plain-casual-shorts-nr
Men's Black Scuba Jacket,1499,4.8,9 reviews,https://www.bewakoof.com/p/black-scuba-block-jackets-aw-21
Men's Multicolor Color Block Puffer Jacket,999,4.9,14 reviews,https://www.bewakoof.com/p/deep-teal-color-block-puffer-jacket-aw-21
Men's Black My Bright Side Typography Hoodies,649,4.6,4 reviews,https://www.bewakoof.com/p/black-white-color-block-hoodie-sweatshirt-aw-21
Men's Red Puffer Jacket,1999,4.9,23 reviews,https://www.bewakoof.com/p/red-puffer-jacket-aw-21
Men's Blue Camo Puffer Jacket,1299,4.9,2 reviews,https://www.bewakoof.com/p/navy-reversible-camo-puffer-jacket-for-men
Men's Black Make Tracks Graphic Printed Vest,269,4.7,6 reviews,https://www.bewakoof.com/p/make-tracks-round-neck-vest-black
Men's India Ink Casual Shorts,617,4.7,23 reviews,https://www.bewakoof.com/p/plain-men-blue-73
Men's Merlin Blue Boxers,249,4.7,16 reviews,https://www.bewakoof.com/p/merlin-blue-plain-boxer-for-men
Red Passion Plain Boxer,249,4.8,34 reviews,https://www.bewakoof.com/p/red-passion-plain-boxer-for-men
Yolo Yellow Stripe Shirt,445,4.8,14 reviews,https://www.bewakoof.com/p/empire-yellow-mens-stripe-shirt-men
Men's Olive Puffer Jacket,1999,4.8,17 reviews,https://www.bewakoof.com/p/olive-puffer-jacket-aw-21
Men's Cream Shirt,509,4.9,2 reviews,https://www.bewakoof.com/p/cream-half-sleeves-shirt-men
Chul Bul Panda Dark Grey Vest,419,N/A,N/A,https://www.bewakoof.com/p/bushirt-chul-bul-panda-dark-grey-vest
Men's Green Striped Plus Size Oversized T-shirt,674,5,N/A,https://www.bewakoof.com/p/instafab-plus-men-striped-stylish-half-sleeve-casual-t-shirts8
Womens Grey Slipper,399,4.8,10 reviews,https://www.bewakoof.com/p/freeco-womens-grey-slipper
Men's Blue Checks Stylish Full Sleeve Casual Shirt,999,5,1 reviews,https://www.bewakoof.com/p/instafab-plus-men-checks-stylish-full-sleeve-casual-shirts28
Why So Serious Black Vest,419,N/A,N/A,https://www.bewakoof.com/p/bushirt-why-so-serious-black-vest
Men's Black 4line Classy Flip Flops & Sliders,349,4.2,9 reviews,https://www.bewakoof.com/p/pampy-angel-4line-classy-black-slipper-flipflops-slides-for-men
Women's Dogs N Cats Print Slippers,399,N/A,N/A,https://www.bewakoof.com/p/freeco-womens-dogs-n-cats-print-slippers-women-multicolor
Namasthe Beaches Maroon Vest,419,4.8,1 reviews,https://www.bewakoof.com/p/bushirt-namasthe-beaches-maroon-vest
Women's Black Welcome Slippers & Flip Flops,349,4.5,2 reviews,https://www.bewakoof.com/p/pampy-angel-welcome-black-slipper-slides-flipflops-for-women
Men's Black Regular Fit Joggers,629,4.4,1 reviews,https://www.bewakoof.com/p/campus-sutra-men-black-solid-regular-fit-joggers32
Men's Black Regular Fit Jacket,999,5,1 reviews,https://www.bewakoof.com/p/campus-sutra-mens-black-solid-jacket58
Men's Stylish Casual Shirt,524,N/A,N/A,https://www.bewakoof.com/p/campus-sutra-men-stylish-casual-shirt-ss21csmssrt257
Men's Black Colorblock Stylish Casual Hooded Sweatshirt,999,5,N/A,https://www.bewakoof.com/p/instafab-plus-men-colorblock-stylish-casual-hooded-sweastshirts
Men's White Graphic Design Stylish Full Sleeve Casual Shirt,899,4.7,3 reviews,https://www.bewakoof.com/p/instafab-plus-men-graphic-design-stylish-full-sleeve-casual-shirts
Men's Multicolor Striped Stylish Casual Shirt,999,4.9,1 reviews,https://www.bewakoof.com/p/instafab-plus-men-striped-stylish-casual-shirts
Men's Multicolor Striped Regular Fit Shirt,524,4.4,4 reviews,https://www.bewakoof.com/p/campus-sutra-mens-multicolor-striped-shirt17
Men's Green Slim Fit T-shirt,528,4.6,15 reviews,https://www.bewakoof.com/p/dillinger-green-solid-t-shirt
Men's Black Badboy Style Flip Flops & Sliders,349,4.6,1 reviews,https://www.bewakoof.com/p/pampy-angel-badboy-style-black-slipper-flipflops-slides-for-men
Men's Blue & White Striped Regular Fit Shirt,749,4.5,N/A,https://www.bewakoof.com/p/campus-sutra-mens-multicolor-striped-shirt14
Men's Brown Stylish Full Sleeve Casual Shirt,1099,N/A,N/A,https://www.bewakoof.com/p/instafab-plus-men-solid-stylish-full-sleeve-casual-shirts33
Men's Green Stylish Full Sleeve Casual Shirt,1099,5,N/A,https://www.bewakoof.com/p/instafab-plus-men-solid-stylish-full-sleeve-casual-shirts-men
